{"type": "metrics", "dataset": "train", "precision": 0.9995761813943632, "balanced_accuracy": 0.9988807951840237, "recall": 0.997884493336154, "f1_score": 0.9987296210035994}
{"type": "metrics", "dataset": "test", "precision": 0.6556683587140439, "balanced_accuracy": 0.6742875064482021, "recall": 0.40597171293871137, "f1_score": 0.5014558395341313}
{"type": "cm_matrix", "dataset": "train", "true_0": {"predicted_0": 16271, "predicted_1": 2}, "true_1": {"predicted_0": 10, "predicted_1": 4717}}
{"type": "cm_matrix", "dataset": "test", "true_0": {"predicted_0": 6684, "predicted_1": 407}, "true_1": {"predicted_0": 1134, "predicted_1": 775}}
