{"type": "metrics", "dataset": "train", "precision": 0.9997879109225875, "balanced_accuracy": 0.9985941949264734, "recall": 0.9972498413370002, "f1_score": 0.9985172632916754}
{"type": "metrics", "dataset": "test", "precision": 0.6508728179551122, "balanced_accuracy": 0.6754661894067536, "recall": 0.41016238868517546, "f1_score": 0.5032133676092545}
{"type": "cm_matrix", "dataset": "train", "true_0": {"predicted_0": 16272, "predicted_1": 1}, "true_1": {"predicted_0": 13, "predicted_1": 4714}}
{"type": "cm_matrix", "dataset": "test", "true_0": {"predicted_0": 6671, "predicted_1": 420}, "true_1": {"predicted_0": 1126, "predicted_1": 783}}
